participant_id,session_id,task_id,timestamp,heart_rate,hrv,ecg_signal,gsr,eda,skin_temp,mental_demand,physical_demand,temporal_demand,effort,frustration,nasa_tlx_total,latency_ms,tracking_error,packet_loss,jitter,fps,task_completion_time,error_rate,success_rate,path_efficiency,ownership_score,agency_score,presence_score,overall_telepresence_quality,physiology_score,workload_score,system_score,performance_score,catem_score
clinician_01,assistant,nasa_tlx_assistant,2026-01-01 00:00:00,,,,,,,5.0,3.0,5.0,3.0,3.0,3.8,,,,,,,,0.8947368421052632,,,,,0.8947368421052632,0.5,0.8162710591615515,0.5,0.8947368421052632,0.5527519753167037
clinician_02,assistant,nasa_tlx_assistant,2026-01-01 00:00:00,,,,,,,2.0,1.0,3.0,2.0,1.0,1.8,,,,,,,,0.8947368421052632,,,,,0.8947368421052632,0.5,0.9490151985111662,0.5,0.8947368421052632,0.5859380101541074
clinician_03,assistant,nasa_tlx_assistant,2026-01-01 00:00:00,,,,,,,1.0,1.0,1.0,4.0,10.0,3.4,,,,,,,,0.7368421052631579,,,,,0.7368421052631579,0.5,0.7754995429019198,0.5,0.7368421052631579,0.5030854120412694
clinician_04,assistant,nasa_tlx_assistant,2026-01-01 00:00:00,,,,,,,1.0,1.0,1.0,1.0,1.0,1.0,,,,,,,,1.0,,,,,1.0,0.5,1.0,0.5,1.0,0.625
clinician_05,assistant,nasa_tlx_assistant,2026-01-01 00:00:00,,,,,,,5.0,1.0,4.0,3.0,3.0,3.2,,,,,,,,1.0,,,,,1.0,0.5,0.8283678333550999,0.5,1.0,0.5820919583387749
clinician_06,assistant,nasa_tlx_assistant,2026-01-01 00:00:00,,,,,,,17.0,11.0,18.0,14.0,7.0,13.4,,,,,,,,0.21052631578947367,,,,,0.21052631578947367,0.5,0.17105263157894735,0.5,0.21052631578947367,0.22039473684210525
clinician_07,assistant,nasa_tlx_assistant,2026-01-01 00:00:00,,,,,,,2.0,1.0,2.0,2.0,1.0,1.6,,,,,,,,0.5263157894736842,,,,,0.5263157894736842,0.5,0.9530474565756824,0.5,0.5263157894736842,0.4948408115123416
clinician_08,assistant,nasa_tlx_assistant,2026-01-01 00:00:00,,,,,,,10.0,10.0,10.0,10.0,5.0,9.0,,,,,,,,0.7368421052631579,,,,,0.7368421052631579,0.5,0.4723761753950634,0.5,0.7368421052631579,0.42730457016455536
clinician_09,assistant,nasa_tlx_assistant,2026-01-01 00:00:00,,,,,,,10.0,1.0,1.0,1.0,3.0,3.2,,,,,,,,1.0,,,,,1.0,0.5,0.7887043718166383,0.5,1.0,0.5721760929541596
clinician_10,assistant,nasa_tlx_assistant,2026-01-01 00:00:00,,,,,,,1.0,1.0,1.0,1.0,1.0,1.0,,,,,,,,1.0,,,,,1.0,0.5,1.0,0.5,1.0,0.625
clinician_11,assistant,nasa_tlx_assistant,2026-01-01 00:00:00,,,,,,,4.0,2.0,12.0,2.0,1.0,4.2,,,,,,,,0.8947368421052632,,,,,0.8947368421052632,0.5,0.8693781017369727,0.5,0.8947368421052632,0.566028735960559
clinician_12,assistant,nasa_tlx_assistant,2026-01-01 00:00:00,,,,,,,1.0,1.0,5.0,2.0,2.0,2.2,,,,,,,,0.47368421052631576,,,,,0.47368421052631576,0.5,0.9434177876452918,0.5,0.47368421052631576,0.4792754995429019
clinician_13,assistant,nasa_tlx_assistant,2026-01-01 00:00:00,,,,,,,10.0,1.0,2.0,5.0,1.0,3.8,,,,,,,,0.8947368421052632,,,,,0.8947368421052632,0.5,0.7260003101736973,0.5,0.8947368421052632,0.5301842880697402
clinician_14,assistant,nasa_tlx_assistant,2026-01-01 00:00:00,,,,,,,1.0,1.0,1.0,1.0,1.0,1.0,,,,,,,,0.9473684210526315,,,,,0.9473684210526315,0.5,1.0,0.5,0.9473684210526315,0.6118421052631579
clinician_15,assistant,nasa_tlx_assistant,2026-01-01 00:00:00,,,,,,,4.0,2.0,12.0,2.0,1.0,4.2,,,,,,,,0.8947368421052632,,,,,0.8947368421052632,0.5,0.8693781017369727,0.5,0.8947368421052632,0.566028735960559
clinician_16,assistant,nasa_tlx_assistant,2026-01-01 00:00:00,,,,,,,3.0,1.0,1.0,1.0,2.0,1.6,,,,,,,,0.8421052631578947,,,,,0.8421052631578947,0.5,0.9434953310696095,0.5,0.8421052631578947,0.571400148556876
clinician_17,assistant,nasa_tlx_assistant,2026-01-01 00:00:00,,,,,,,3.0,4.0,3.0,2.0,2.0,2.8,,,,,,,,0.8421052631578947,,,,,0.8421052631578947,0.5,0.9000710134517436,0.5,0.8421052631578947,0.5605440691524095
clinician_18,assistant,nasa_tlx_assistant,2026-01-01 00:00:00,,,,,,,1.0,1.0,5.0,2.0,2.0,2.2,,,,,,,,0.47368421052631576,,,,,0.47368421052631576,0.5,0.9434177876452918,0.5,0.47368421052631576,0.4792754995429019
clinician_19,assistant,nasa_tlx_assistant,2026-01-01 00:00:00,,,,,,,8.0,5.0,8.0,8.0,10.0,7.8,,,,,,,,0.631578947368421,,,,,0.631578947368421,0.5,0.5004917885594882,0.5,0.631578947368421,0.40801768398197735
clinician_20,assistant,nasa_tlx_assistant,2026-01-01 00:00:00,,,,,,,7.0,5.0,5.0,4.0,6.0,5.4,,,,,,,,0.42105263157894735,,,,,0.42105263157894735,0.5,0.6940585412041269,0.5,0.42105263157894735,0.40377779319576856
clinician_21,assistant,nasa_tlx_assistant,2026-01-01 00:00:00,,,,,,,8.0,2.0,10.0,5.0,2.0,5.4,,,,,,,,0.47368421052631576,,,,,0.47368421052631576,0.5,0.7118343509207261,0.5,0.47368421052631576,0.42137964036176045
clinician_22,assistant,nasa_tlx_assistant,2026-01-01 00:00:00,,,,,,,6.0,5.0,5.0,6.0,1.0,4.6,,,,,,,,0.6842105263157895,,,,,0.6842105263157895,0.5,0.7531405086848635,0.5,0.6842105263157895,0.4843377587501632
clinician_23,assistant,nasa_tlx_assistant,2026-01-01 00:00:00,,,,,,,3.0,3.0,5.0,3.0,2.0,3.2,,,,,,,,0.3684210526315789,,,,,0.3684210526315789,0.5,0.872775728091942,0.5,0.3684210526315789,0.4352991951808802
clinician_24,assistant,nasa_tlx_assistant,2026-01-01 00:00:00,,,,,,,1.0,2.0,1.0,1.0,1.0,1.2,,,,,,,,0.5789473684210527,,,,,0.5789473684210527,0.5,0.9959677419354839,0.5,0.5789473684210527,0.5187287775891342
clinician_25,assistant,nasa_tlx_assistant,2026-01-01 00:00:00,,,,,,,5.0,4.0,4.0,4.0,15.0,6.4,,,,,,,,0.7894736842105263,,,,,0.7894736842105263,0.5,0.5867261982499673,0.5,0.7894736842105263,0.46904997061512343
clinician_26,assistant,nasa_tlx_assistant,2026-01-01 00:00:00,,,,,,,3.0,3.0,3.0,5.0,1.0,3.0,,,,,,,,0.47368421052631576,,,,,0.47368421052631576,0.5,0.8515043424317618,0.5,0.47368421052631576,0.45629713823951934
clinician_27,assistant,nasa_tlx_assistant,2026-01-01 00:00:00,,,,,,,6.0,6.0,2.0,4.0,5.0,4.6,,,,,,,,0.5789473684210527,,,,,0.5789473684210527,0.5,0.7389704681990336,0.5,0.5789473684210527,0.4544794591550215
clinician_28,assistant,nasa_tlx_assistant,2026-01-01 00:00:00,,,,,,,1.0,1.0,5.0,1.0,17.0,5.0,,,,,,,,0.5263157894736842,,,,,0.5263157894736842,0.5,0.7088285229202038,0.5,0.5263157894736842,0.43378607809847197
clinician_29,assistant,nasa_tlx_assistant,2026-01-01 00:00:00,,,,,,,2.0,2.0,3.0,3.0,1.0,2.2,,,,,,,,1.0,,,,,1.0,0.5,0.9217199131513647,0.5,1.0,0.6054299782878412
clinician_30,assistant,nasa_tlx_assistant,2026-01-01 00:00:00,,,,,,,4.0,2.0,4.0,3.0,1.0,2.8,,,,,,,,0.7894736842105263,,,,,0.7894736842105263,0.5,0.8783731389578164,0.5,0.7894736842105263,0.5419617057920858
clinician_31,assistant,nasa_tlx_assistant,2026-01-01 00:00:00,,,,,,,2.0,1.0,4.0,2.0,6.0,3.0,,,,,,,,0.8947368421052632,,,,,0.8947368421052632,0.5,0.859032176439859,0.5,0.8947368421052632,0.5634422546362805
clinician_32,assistant,nasa_tlx_assistant,2026-01-01 00:00:00,,,,,,,3.0,3.0,3.0,5.0,13.0,5.4,,,,,,,,0.5263157894736842,,,,,0.5263157894736842,0.5,0.645222508815463,0.5,0.5263157894736842,0.4178845745722868
clinician_33,assistant,nasa_tlx_assistant,2026-01-01 00:00:00,,,,,,,1.0,1.0,1.0,1.0,1.0,1.0,,,,,,,,1.0,,,,,1.0,0.5,1.0,0.5,1.0,0.625
clinician_34,assistant,nasa_tlx_assistant,2026-01-01 00:00:00,,,,,,,4.0,4.0,4.0,2.0,2.0,3.2,,,,,,,,0.6842105263157895,,,,,0.6842105263157895,0.5,0.8763814973227112,0.5,0.6842105263157895,0.5151480059096252
clinician_35,assistant,nasa_tlx_assistant,2026-01-01 00:00:00,,,,,,,10.0,1.0,12.0,10.0,1.0,6.8,,,,,,,,0.8947368421052632,,,,,0.8947368421052632,0.5,0.5693625930521091,0.5,0.8947368421052632,0.4910248587893431
clinician_36,assistant,nasa_tlx_assistant,2026-01-01 00:00:00,,,,,,,1.0,1.0,1.0,1.0,1.0,1.0,,,,,,,,0.9473684210526315,,,,,0.9473684210526315,0.5,1.0,0.5,0.9473684210526315,0.6118421052631579
clinician_37,assistant,nasa_tlx_assistant,2026-01-01 00:00:00,,,,,,,5.0,2.0,2.0,2.0,5.0,3.2,,,,,,,,0.7368421052631579,,,,,0.7368421052631579,0.5,0.821282813112185,0.5,0.7368421052631579,0.5145312295938358
clinician_38,assistant,nasa_tlx_assistant,2026-01-01 00:00:00,,,,,,,5.0,2.0,2.0,2.0,2.0,2.6,,,,,,,,0.7368421052631579,,,,,0.7368421052631579,0.5,0.8728532715162596,0.5,0.7368421052631579,0.5274238441948544
clinician_39,assistant,nasa_tlx_assistant,2026-01-01 00:00:00,,,,,,,2.0,5.0,2.0,2.0,12.0,4.6,,,,,,,,0.42105263157894735,,,,,0.42105263157894735,0.5,0.7478267435026773,0.5,0.42105263157894735,0.41721984377040616
clinician_40,assistant,nasa_tlx_assistant,2026-01-01 00:00:00,,,,,,,5.0,8.0,1.0,2.0,3.0,3.8,,,,,,,,0.5263157894736842,,,,,0.5263157894736842,0.5,0.8355018283923208,0.5,0.5263157894736842,0.4654544044665012
clinician_41,assistant,nasa_tlx_assistant,2026-01-01 00:00:00,,,,,,,13.0,10.0,2.0,7.0,5.0,7.4,,,,,,,,0.6842105263157895,,,,,0.6842105263157895,0.5,0.5154515476035,0.5,0.6842105263157895,0.42491551847982234
clinician_42,assistant,nasa_tlx_assistant,2026-01-01 00:00:00,,,,,,,2.0,5.0,3.0,1.0,1.0,2.4,,,,,,,,1.0,,,,,1.0,0.5,0.9561491935483871,0.5,1.0,0.6140372983870968
clinician_43,assistant,nasa_tlx_assistant,2026-01-01 00:00:00,,,,,,,5.0,5.0,5.0,5.0,1.0,4.2,,,,,,,,0.8947368421052632,,,,,0.8947368421052632,0.5,0.796060794044665,0.5,0.8947368421052632,0.547699409037482
clinician_44,assistant,nasa_tlx_assistant,2026-01-01 00:00:00,,,,,,,6.0,4.0,5.0,7.0,2.0,4.8,,,,,,,,0.6842105263157895,,,,,0.6842105263157895,0.5,0.716719586652736,0.5,0.6842105263157895,0.47523252824213136
clinician_45,assistant,nasa_tlx_assistant,2026-01-01 00:00:00,,,,,,,5.0,1.0,5.0,5.0,1.0,3.4,,,,,,,,0.631578947368421,,,,,0.631578947368421,0.5,0.8121898263027295,0.5,0.631578947368421,0.48594219341778766
clinician_01,current,nasa_tlx_current,2026-01-01 00:00:00,,,,,,,3.0,3.0,3.0,3.0,5.0,3.4,,,,,,,,1.0,,,,,1.0,0.5,0.8292697858168996,0.5,1.0,0.5823174464542249
clinician_02,current,nasa_tlx_current,2026-01-01 00:00:00,,,,,,,3.0,2.0,2.0,2.0,1.0,2.0,,,,,,,,0.8947368421052632,,,,,0.8947368421052632,0.5,0.9293579404466501,0.5,0.8947368421052632,0.5810236956379784
clinician_03,current,nasa_tlx_current,2026-01-01 00:00:00,,,,,,,17.0,1.0,6.0,10.0,20.0,10.8,,,,,,,,0.0,,,,,0.0,0.5,0.1293424317617866,0.5,0.0,0.15733560794044665
clinician_04,current,nasa_tlx_current,2026-01-01 00:00:00,,,,,,,2.0,2.0,2.0,2.0,2.0,2.0,,,,,,,,0.9473684210526315,,,,,0.9473684210526315,0.5,0.9318250457098081,0.5,0.9473684210526315,0.5947983666906098
clinician_05,current,nasa_tlx_current,2026-01-01 00:00:00,,,,,,,2.0,2.0,2.0,2.0,2.0,2.0,,,,,,,,0.7368421052631579,,,,,0.7368421052631579,0.5,0.9318250457098081,0.5,0.7368421052631579,0.5421667877432415
clinician_06,current,nasa_tlx_current,2026-01-01 00:00:00,,,,,,,4.0,2.0,6.0,3.0,1.0,3.2,,,,,,,,0.8947368421052632,,,,,0.8947368421052632,0.5,0.8703086228287842,0.5,0.8947368421052632,0.5662613662335119
clinician_07,current,nasa_tlx_current,2026-01-01 00:00:00,,,,,,,5.0,4.0,6.0,7.0,4.0,5.2,,,,,,,,0.8421052631578947,,,,,0.8421052631578947,0.5,0.6979642810500195,0.5,0.8421052631578947,0.5100173860519785
clinician_08,current,nasa_tlx_current,2026-01-01 00:00:00,,,,,,,5.0,1.0,1.0,1.0,4.0,2.4,,,,,,,,0.8947368421052632,,,,,0.8947368421052632,0.5,0.8698005093378608,0.5,0.8947368421052632,0.566134337860781
clinician_09,current,nasa_tlx_current,2026-01-01 00:00:00,,,,,,,10.0,10.0,10.0,10.0,15.0,11.0,,,,,,,,0.8421052631578947,,,,,0.8421052631578947,0.5,0.300474647381481,0.5,0.8421052631578947,0.4106449776348439
clinician_10,current,nasa_tlx_current,2026-01-01 00:00:00,,,,,,,7.0,5.0,5.0,5.0,5.0,5.4,,,,,,,,0.7368421052631579,,,,,0.7368421052631579,0.5,0.6879856667101998,0.5,0.7368421052631579,0.48120694299333944
clinician_11,current,nasa_tlx_current,2026-01-01 00:00:00,,,,,,,2.0,1.0,1.0,1.0,16.0,4.2,,,,,,,,0.0,,,,,0.0,0.5,0.7224904499151104,0.5,0.0,0.3056226124787776
clinician_12,current,nasa_tlx_current,2026-01-01 00:00:00,,,,,,,2.0,2.0,2.0,2.0,2.0,2.0,,,,,,,,0.8947368421052632,,,,,0.8947368421052632,0.5,0.9318250457098081,0.5,0.8947368421052632,0.5816404719537678
clinician_13,current,nasa_tlx_current,2026-01-01 00:00:00,,,,,,,5.0,1.0,3.0,5.0,1.0,3.0,,,,,,,,1.0,,,,,1.0,0.5,0.8202543424317618,0.5,1.0,0.5800635856079405
clinician_14,current,nasa_tlx_current,2026-01-01 00:00:00,,,,,,,1.0,1.0,1.0,5.0,16.0,4.8,,,,,,,,0.5263157894736842,,,,,0.5263157894736842,0.5,0.649095598798485,0.5,0.5263157894736842,0.41885284706804227
clinician_15,current,nasa_tlx_current,2026-01-01 00:00:00,,,,,,,2.0,2.0,4.0,1.0,1.0,2.0,,,,,,,,1.0,,,,,1.0,0.5,0.9642137096774194,0.5,1.0,0.6160534274193549
clinician_16,current,nasa_tlx_current,2026-01-01 00:00:00,,,,,,,11.0,1.0,1.0,3.0,15.0,6.2,,,,,,,,0.3684210526315789,,,,,0.3684210526315789,0.5,0.5162392255452527,0.5,0.3684210526315789,0.3461650695442079
clinician_17,current,nasa_tlx_current,2026-01-01 00:00:00,,,,,,,1.0,1.0,1.0,1.0,18.0,4.4,,,,,,,,1.0,,,,,1.0,0.5,0.70776740237691,0.5,1.0,0.5519418505942275
clinician_18,current,nasa_tlx_current,2026-01-01 00:00:00,,,,,,,3.0,1.0,2.0,2.0,2.0,2.0,,,,,,,,0.8947368421052632,,,,,0.8947368421052632,0.5,0.9162000457098081,0.5,0.8947368421052632,0.5777342219537678
clinician_19,current,nasa_tlx_current,2026-01-01 00:00:00,,,,,,,5.0,4.0,4.0,10.0,10.0,6.6,,,,,,,,0.3684210526315789,,,,,0.3684210526315789,0.5,0.5330987984850464,0.5,0.3684210526315789,0.35037996277915634
clinician_20,current,nasa_tlx_current,2026-01-01 00:00:00,,,,,,,3.0,3.0,3.0,3.0,19.0,6.2,,,,,,,,0.3684210526315789,,,,,0.3684210526315789,0.5,0.5886076465978842,0.5,0.3684210526315789,0.3642571748073658
clinician_21,current,nasa_tlx_current,2026-01-01 00:00:00,,,,,,,4.0,1.0,2.0,3.0,3.0,2.6,,,,,,,,0.8947368421052632,,,,,0.8947368421052632,0.5,0.8560896075486483,0.5,0.8947368421052632,0.5627066124134779
clinician_22,current,nasa_tlx_current,2026-01-01 00:00:00,,,,,,,2.0,2.0,2.0,3.0,18.0,5.4,,,,,,,,0.7894736842105263,,,,,0.7894736842105263,0.5,0.6335195735927909,0.5,0.7894736842105263,0.48074831445082933
clinician_23,current,nasa_tlx_current,2026-01-01 00:00:00,,,,,,,1.0,1.0,1.0,1.0,20.0,4.8,,,,,,,,0.8421052631578947,,,,,0.8421052631578947,0.5,0.6733870967741935,0.5,0.8421052631578947,0.503873089983022
clinician_24,current,nasa_tlx_current,2026-01-01 00:00:00,,,,,,,1.0,1.0,1.0,1.0,1.0,1.0,,,,,,,,0.42105263157894735,,,,,0.42105263157894735,0.5,1.0,0.5,0.42105263157894735,0.48026315789473684
clinician_25,current,nasa_tlx_current,2026-01-01 00:00:00,,,,,,,1.0,1.0,3.0,1.0,20.0,5.2,,,,,,,,0.47368421052631576,,,,,0.47368421052631576,0.5,0.6653225806451613,0.5,0.47368421052631576,0.40975169779286924
clinician_26,current,nasa_tlx_current,2026-01-01 00:00:00,,,,,,,10.0,6.0,5.0,10.0,18.0,9.8,,,,,,,,0.7368421052631579,,,,,0.7368421052631579,0.5,0.2851945115580514,0.5,0.7368421052631579,0.38050915420530235
clinician_27,current,nasa_tlx_current,2026-01-01 00:00:00,,,,,,,5.0,5.0,10.0,1.0,10.0,6.2,,,,,,,,0.7368421052631579,,,,,0.7368421052631579,0.5,0.7142402376910018,0.5,0.7368421052631579,0.48777058573853993
clinician_28,current,nasa_tlx_current,2026-01-01 00:00:00,,,,,,,5.0,5.0,5.0,6.0,15.0,7.2,,,,,,,,0.8947368421052632,,,,,0.8947368421052632,0.5,0.5321356275303644,0.5,0.8947368421052632,0.4817181174089069
clinician_29,current,nasa_tlx_current,2026-01-01 00:00:00,,,,,,,10.0,10.0,10.0,9.0,10.0,9.8,,,,,,,,0.3684210526315789,,,,,0.3684210526315789,0.5,0.40968843868355753,0.5,0.3684210526315789,0.31952737282878413
clinician_30,current,nasa_tlx_current,2026-01-01 00:00:00,,,,,,,1.0,1.0,1.0,1.0,1.0,1.0,,,,,,,,1.0,,,,,1.0,0.5,1.0,0.5,1.0,0.625
clinician_31,current,nasa_tlx_current,2026-01-01 00:00:00,,,,,,,2.0,2.0,2.0,3.0,8.0,3.4,,,,,,,,0.631578947368421,,,,,0.631578947368421,0.5,0.8054211016063733,0.5,0.631578947368421,0.4842500122436986
clinician_32,current,nasa_tlx_current,2026-01-01 00:00:00,,,,,,,4.0,3.0,4.0,5.0,7.0,4.6,,,,,,,,0.7368421052631579,,,,,0.7368421052631579,0.5,0.7246739094945801,0.5,0.7368421052631579,0.49037900368943454
clinician_33,current,nasa_tlx_current,2026-01-01 00:00:00,,,,,,,7.0,4.0,6.0,8.0,9.0,6.8,,,,,,,,0.8421052631578947,,,,,0.8421052631578947,0.5,0.5494359736189108,0.5,0.8421052631578947,0.47288530919420135
clinician_34,current,nasa_tlx_current,2026-01-01 00:00:00,,,,,,,3.0,2.0,2.0,4.0,11.0,4.4,,,,,,,,0.631578947368421,,,,,0.631578947368421,0.5,0.710930357842497,0.5,0.631578947368421,0.46062732630272957
clinician_35,current,nasa_tlx_current,2026-01-01 00:00:00,,,,,,,7.0,7.0,8.0,9.0,11.0,8.4,,,,,,,,0.7894736842105263,,,,,0.7894736842105263,0.5,0.4716313503983284,0.5,0.7894736842105263,0.44027625865221376
clinician_36,current,nasa_tlx_current,2026-01-01 00:00:00,,,,,,,6.0,5.0,6.0,10.0,13.0,8.0,,,,,,,,0.6842105263157895,,,,,0.6842105263157895,0.5,0.44977430782290717,0.5,0.6842105263157895,0.40849620853467417
clinician_37,current,nasa_tlx_current,2026-01-01 00:00:00,,,,,,,5.0,1.0,2.0,1.0,6.0,3.0,,,,,,,,0.7368421052631579,,,,,0.7368421052631579,0.5,0.8313879456706281,0.5,0.7368421052631579,0.5170575127334465
clinician_38,current,nasa_tlx_current,2026-01-01 00:00:00,,,,,,,4.0,1.0,2.0,1.0,4.0,2.4,,,,,,,,0.5789473684210527,,,,,0.5789473684210527,0.5,0.8854255093378608,0.5,0.5789473684210527,0.4910932194397284
clinician_39,current,nasa_tlx_current,2026-01-01 00:00:00,,,,,,,6.0,4.0,5.0,4.0,9.0,5.6,,,,,,,,0.6842105263157895,,,,,0.6842105263157895,0.5,0.6661775989290846,0.5,0.6842105263157895,0.4625970313112185
clinician_40,current,nasa_tlx_current,2026-01-01 00:00:00,,,,,,,5.0,4.0,5.0,3.0,8.0,5.0,,,,,,,,0.631578947368421,,,,,0.631578947368421,0.5,0.7262880370902443,0.5,0.631578947368421,0.4644667461146664
clinician_41,current,nasa_tlx_current,2026-01-01 00:00:00,,,,,,,4.0,3.0,4.0,2.0,7.0,4.0,,,,,,,,0.631578947368421,,,,,0.631578947368421,0.5,0.7944629913804362,0.5,0.631578947368421,0.48151048468721436
clinician_42,current,nasa_tlx_current,2026-01-01 00:00:00,,,,,,,7.0,6.0,7.0,6.0,11.0,7.4,,,,,,,,0.7894736842105263,,,,,0.7894736842105263,0.5,0.5494849484132167,0.5,0.7894736842105263,0.4597396581559358
clinician_43,current,nasa_tlx_current,2026-01-01 00:00:00,,,,,,,2.0,2.0,2.0,4.0,11.0,4.2,,,,,,,,0.6842105263157895,,,,,0.6842105263157895,0.5,0.7305876159070132,0.5,0.6842105263157895,0.47869953555570066
clinician_44,current,nasa_tlx_current,2026-01-01 00:00:00,,,,,,,9.0,7.0,8.0,8.0,13.0,9.0,,,,,,,,0.8421052631578947,,,,,0.8421052631578947,0.5,0.4211995559618651,0.5,0.8421052631578947,0.44082620477993995
clinician_45,current,nasa_tlx_current,2026-01-01 00:00:00,,,,,,,6.0,4.0,6.0,4.0,10.0,6.0,,,,,,,,0.6842105263157895,,,,,0.6842105263157895,0.5,0.6449551880632102,0.5,0.6842105263157895,0.4572914285947499
roboturk_operator_pool,bair_action,bair_action,2026-01-01 00:00:00,,,,,,,,,,,,,,0.059888601303100586,,,,,0.11977720260620117,0.8802227973937988,0.6430160522460937,,,,0.7616194248199463,0.5,0.5,0.9410142882237675,0.8751670358633034,0.5790453310217677
roboturk_operator_pool,bair_action,bair_action,2026-01-01 00:00:01,,,,,,,,,,,,,,0.06504684686660767,,,,,0.13009369373321533,0.8699063062667847,0.6233105659484863,,,,0.7466084361076355,0.5,0.5,0.9271056780192342,0.857420735381261,0.5711316033501238
roboturk_operator_pool,bair_action,bair_action,2026-01-01 00:00:02,,,,,,,,,,,,,,0.07913917303085316,,,,,0.15827834606170632,0.8417216539382937,0.575744342803955,,,,0.7087329983711244,0.5,0.5,0.8891073568690536,0.812014690807341,0.5502805119190987
roboturk_operator_pool,bair_action,bair_action,2026-01-01 00:00:03,,,,,,,,,,,,,,0.080938160419464,,,,,0.161876320838928,0.838123679161072,0.5725773811340332,,,,0.7053505301475527,0.5,0.5,0.8842565962677984,0.8076441307817013,0.5479751817623749
roboturk_operator_pool,bair_action,bair_action,2026-01-01 00:00:04,,,,,,,,,,,,,,0.0927237868309021,,,,,0.1854475736618042,0.8145524263381958,0.541384220123291,,,,0.6779683232307434,0.5,0.5,0.8524780231551421,0.7738848797637504,0.5315907257297232
roboturk_operator_pool,bair_action,bair_action,2026-01-01 00:00:05,,,,,,,,,,,,,,0.09276312589645408,,,,,0.18552625179290816,0.8144737482070918,0.541941738128662,,,,0.6782077431678769,0.5,0.5,0.8523719499327961,0.7740969205547418,0.5316172176218845
roboturk_operator_pool,bair_action,bair_action,2026-01-01 00:00:06,,,,,,,,,,,,,,0.10236406326293956,,,,,0.20472812652587913,0.7952718734741209,0.5153894424438479,,,,0.6553306579589844,0.5,0.5,0.8264841371513909,0.7460354085810978,0.5181298864331222
roboturk_operator_pool,bair_action,bair_action,2026-01-01 00:00:07,,,,,,,,,,,,,,0.10201823711395264,,,,,0.20403647422790527,0.7959635257720947,0.5181772232055664,,,,0.6570703744888305,0.5,0.5,0.8274166172060093,0.7479450025202062,0.5188404049315539
roboturk_operator_pool,bair_action,bair_action,2026-01-01 00:00:08,,,,,,,,,,,,,,0.11134344339370739,,,,,0.22268688678741477,0.7773131132125852,0.4956883430480959,,,,0.6365007281303405,0.5,0.5,0.8022722812830426,0.7223094228829727,0.5061454260415038
roboturk_operator_pool,bair_action,bair_action,2026-01-01 00:00:09,,,,,,,,,,,,,,0.1122010350227357,,,,,0.2244020700454714,0.7755979299545286,0.4959562301635742,,,,0.6357770800590514,0.5,0.5,0.7999598850359132,0.7210983728493431,0.5052645644713141
roboturk_operator_pool,bair_action,bair_action,2026-01-01 00:00:10,,,,,,,,,,,,,,0.1209154725074768,,,,,0.2418309450149536,0.7581690549850464,0.4798958778381346,,,,0.6190324664115905,0.5,0.5,0.776462416248361,0.6995739889114897,0.49400910128996267
roboturk_operator_pool,bair_action,bair_action,2026-01-01 00:00:11,,,,,,,,,,,,,,0.12025719881057739,,,,,0.24051439762115479,0.7594856023788452,0.48206138610839844,,,,0.6207734942436218,0.5,0.5,0.7782373748356071,0.7016673019272898,0.4949761691907242
roboturk_operator_pool,bair_action,bair_action,2026-01-01 00:00:12,,,,,,,,,,,,,,0.1267986297607422,,,,,0.2535972595214844,0.7464027404785156,0.466033935546875,,,,0.6062183380126953,0.5,0.5,0.7605991658466086,0.6835608234872255,0.4860399973334585
roboturk_operator_pool,bair_action,bair_action,2026-01-01 00:00:13,,,,,,,,,,,,,,0.12850981950759888,,,,,0.25701963901519775,0.7429803609848022,0.4624762535095215,,,,0.6027283072471619,0.5,0.5,0.7559851413915879,0.6791359454025779,0.48378027169854154
roboturk_operator_pool,bair_action,bair_action,2026-01-01 00:00:14,,,,,,,,,,,,,,0.1370100975036621,,,,,0.2740201950073242,0.7259798049926758,0.44669189453125,,,,0.5863358497619628,0.5,0.5,0.7330651287978035,0.658082274785209,0.4727868508957531
roboturk_operator_pool,bair_action,bair_action,2026-01-01 00:00:15,,,,,,,,,,,,,,0.13660651445388805,,,,,0.2732130289077761,0.7267869710922239,0.4501471519470215,,,,0.5884670615196227,0.5,0.5,0.7341533436288648,0.6604098761595056,0.4736408049470926
roboturk_operator_pool,bair_action,bair_action,2026-01-01 00:00:16,,,,,,,,,,,,,,0.14427566528320324,,,,,0.28855133056640647,0.7114486694335935,0.435379695892334,,,,0.5734141826629637,0.5,0.5,0.7134743689326319,0.6411563893103867,0.4636576895607547
roboturk_operator_pool,bair_action,bair_action,2026-01-01 00:00:17,,,,,,,,,,,,,,0.1447526812553407,,,,,0.2895053625106814,0.7104946374893186,0.43566436767578126,,,,0.5730795025825499,0.5,0.5,0.7121881507531923,0.6405493534938819,0.46318437606176854
roboturk_operator_pool,bair_action,bair_action,2026-01-01 00:00:18,,,,,,,,,,,,,,0.1542147994041443,,,,,0.3084295988082886,0.6915704011917114,0.41813716888427716,,,,0.5548537850379943,0.5,0.5,0.6866746478730635,0.6171345900135748,0.45095230947165965
roboturk_operator_pool,bair_action,bair_action,2026-01-01 00:00:19,,,,,,,,,,,,,,0.15445011854171764,,,,,0.3089002370834353,0.6910997629165647,0.41819334030151384,,,,0.5546465516090393,0.5,0.5,0.6860401371430336,0.6167937754133127,0.45070847813908654
roboturk_operator_pool,bair_action,bair_action,2026-01-01 00:00:20,,,,,,,,,,,,,,0.16113072633743297,,,,,0.32226145267486594,0.677738547325134,0.4060494422912598,,,,0.5418939948081969,0.5,0.5,0.6680266539507375,0.6003754319496876,0.44210052147510626
roboturk_operator_pool,bair_action,bair_action,2026-01-01 00:00:21,,,,,,,,,,,,,,0.16167712211608898,,,,,0.32335424423217796,0.676645755767822,0.40561361312866195,,,,0.541129684448242,0.5,0.5,0.6665533611791614,0.5993061696668479,0.4414648827115024
roboturk_operator_pool,bair_action,bair_action,2026-01-01 00:00:22,,,,,,,,,,,,,,0.1677040457725525,,,,,0.335408091545105,0.664591908454895,0.3949686050415041,,,,0.5297802567481995,0.5,0.5,0.650302461364838,0.5846467844505697,0.43373731145385186
roboturk_operator_pool,bair_action,bair_action,2026-01-01 00:00:23,,,,,,,,,,,,,,0.16946005821228027,,,,,0.33892011642456055,0.6610798835754395,0.39236974716186523,,,,0.5267248153686523,0.5,0.5,0.6455675777231451,0.580622320022846,0.43154747443649777
roboturk_operator_pool,bair_action,bair_action,2026-01-01 00:00:24,,,,,,,,,,,,,,0.17450505495071422,,,,,0.34901010990142844,0.6509898900985716,0.3837946891784666,,,,0.517392289638519,0.5,0.5,0.6319643298253634,0.5685160153665937,0.42512008629798925
roboturk_operator_pool,bair_action,bair_action,2026-01-01 00:00:25,,,,,,,,,,,,,,0.1752268671989442,,,,,0.3504537343978884,0.6495462656021116,0.3829531669616699,,,,0.5162497162818908,0.5,0.5,0.6300180469123291,0.5669730350679355,0.42424777049506623
roboturk_operator_pool,bair_action,bair_action,2026-01-01 00:00:26,,,,,,,,,,,,,,0.18177443742752075,,,,,0.3635488748550415,0.6364511251449585,0.37361621856689436,,,,0.5050336718559264,0.5,0.5,0.6123632840719649,0.552140581147144,0.4161259663047773
roboturk_operator_pool,bair_action,bair_action,2026-01-01 00:00:27,,,,,,,,,,,,,,0.18243080377578735,,,,,0.3648616075515747,0.6351383924484253,0.37282819747924806,,,,0.5039832949638366,0.5,0.5,0.6105934684288326,0.5507263117210336,0.41532994503746656
roboturk_operator_pool,sawyer_laundry_layout,sawyer_laundry_layout,2026-01-01 00:00:00,,,,,,,,,,,,,,0.07515591382980347,,,,,0.15031182765960693,0.8496881723403931,0.6487521171569824,,,,0.7492201447486877,0.5,0.5,0.8998477527825341,0.8540818555560602,0.5634824020846485
roboturk_operator_pool,sawyer_laundry_layout,sawyer_laundry_layout,2026-01-01 00:00:01,,,,,,,,,,,,,,0.11361837387084961,,,,,0.22723674774169922,0.7727632522583008,0.5192404747009277,,,,0.6460018634796143,0.5,0.5,0.7961381954084121,0.7303072712159246,0.5066113666560842
roboturk_operator_pool,sawyer_laundry_layout,sawyer_laundry_layout,2026-01-01 00:00:02,,,,,,,,,,,,,,0.1453876495361328,,,,,0.2907752990722656,0.7092247009277344,0.44018325805664044,,,,0.5747039794921874,0.5,0.5,0.710476032514336,0.6417731639790857,0.4630622991233554
roboturk_operator_pool,sawyer_laundry_layout,sawyer_laundry_layout,2026-01-01 00:00:03,,,,,,,,,,,,,,0.17179685831069957,,,,,0.34359371662139915,0.6564062833786009,0.3847900390625,,,,0.5205981612205504,0.5,0.5,0.6392666675988254,0.5732441007139195,0.42812769207818624
roboturk_operator_pool,sawyer_laundry_layout,sawyer_laundry_layout,2026-01-01 00:00:04,,,,,,,,,,,,,,0.19491511583328258,,,,,0.38983023166656516,0.6101697683334348,0.3418014526367186,,,,0.4759856104850767,0.5,0.5,0.5769309706005208,0.5159549708519701,0.39822148536312274
roboturk_operator_pool,sawyer_laundry_layout,sawyer_laundry_layout,2026-01-01 00:00:05,,,,,,,,,,,,,,0.21543055772781372,,,,,0.43086111545562744,0.5691388845443726,0.30796422958374026,,,,0.4385515570640564,0.5,0.5,0.5216134637133956,0.46723185089007013,0.3722113286508664
roboturk_operator_pool,sawyer_laundry_layout,sawyer_laundry_layout,2026-01-01 00:00:06,,,,,,,,,,,,,,0.2334861159324646,,,,,0.4669722318649292,0.5330277681350708,0.28064222335815414,,,,0.40683499574661247,0.5,0.5,0.4729287475629278,0.4255571905653405,0.3496214845320671
roboturk_operator_pool,sawyer_laundry_layout,sawyer_laundry_layout,2026-01-01 00:00:07,,,,,,,,,,,,,,0.24968206882476818,,,,,0.49936413764953635,0.5006358623504636,0.25785293579101565,,,,0.37924439907073965,0.5,0.5,0.42925824120632894,0.3890182859202857,0.3295691317816537
roboturk_operator_pool,sawyer_laundry_layout,sawyer_laundry_layout,2026-01-01 00:00:08,,,,,,,,,,,,,,0.26430219411849987,,,,,0.5286043882369997,0.47139561176300027,0.23859157562255842,,,,0.35499359369277933,0.5,0.5,0.3898367709896807,0.35667775186014694,0.31162863071245694
roboturk_operator_pool,sawyer_laundry_layout,sawyer_laundry_layout,2026-01-01 00:00:09,,,,,,,,,,,,,,0.2777039408683778,,,,,0.5554078817367556,0.4445921182632444,0.22175436019897443,,,,0.3331732392311094,0.5,0.5,0.353700517042672,0.327434289615439,0.2952837016645278
roboturk_operator_pool,sawyer_laundry_layout,sawyer_laundry_layout,2026-01-01 00:00:10,,,,,,,,,,,,,,0.29024189710617077,,,,,0.5804837942123415,0.41951620578765847,0.20670738220214843,,,,0.31311179399490346,0.5,0.5,0.31989337391116224,0.3004216896176885,0.2800787658822127
roboturk_operator_pool,sawyer_laundry_layout,sawyer_laundry_layout,2026-01-01 00:00:11,,,,,,,,,,,,,,0.30172765254974365,,,,,0.6034553050994873,0.3965446949005127,0.1934297561645506,,,,0.29498722553253165,0.5,0.5,0.2889233680433848,0.27592465048070564,0.26621200463102257
roboturk_operator_pool,sawyer_laundry_layout,sawyer_laundry_layout,2026-01-01 00:00:12,,,,,,,,,,,,,,0.312174916267395,,,,,0.62434983253479,0.37565016746520996,0.18161497116088868,,,,0.2786325693130493,0.5,0.5,0.26075353452852157,0.2537712785192408,0.25363120326194055
roboturk_operator_pool,sawyer_laundry_layout,sawyer_laundry_layout,2026-01-01 00:00:13,,,,,,,,,,,,,,0.3217189908027649,,,,,0.6434379816055298,0.3565620183944702,0.171317195892334,,,,0.2639396071434021,0.5,0.5,0.2350190457685063,0.23377634832549757,0.24219884852350093
roboturk_operator_pool,sawyer_laundry_layout,sawyer_laundry_layout,2026-01-01 00:00:14,,,,,,,,,,,,,,0.33067619800567627,,,,,0.6613523960113525,0.33864760398864746,0.1619950294494627,,,,0.2503213167190551,0.5,0.5,0.21086697662547982,0.21517895583008587,0.23151148311389141
roboturk_operator_pool,sawyer_laundry_layout,sawyer_laundry_layout,2026-01-01 00:00:15,,,,,,,,,,,,,,0.33908265829086304,,,,,0.6781653165817261,0.3218346834182739,0.1537329673767088,,,,0.23778382539749138,0.5,0.5,0.18819993259528878,0.19796402553758238,0.22154098953321782
roboturk_operator_pool,sawyer_laundry_layout,sawyer_laundry_layout,2026-01-01 00:00:16,,,,,,,,,,,,,,0.34693819284439087,,,,,0.6938763856887817,0.30612361431121826,0.14647531509399414,,,,0.2262994647026062,0.5,0.5,0.16701839582894384,0.182104502999994,0.21228072470723447
roboturk_operator_pool,sawyer_laundry_layout,sawyer_laundry_layout,2026-01-01 00:00:17,,,,,,,,,,,,,,0.35430818796157837,,,,,0.7086163759231567,0.29138362407684326,0.1398914337158203,,,,0.21563752889633178,0.5,0.5,0.14714605977354667,0.16733575405820192,0.2036204534579371
roboturk_operator_pool,sawyer_laundry_layout,sawyer_laundry_layout,2026-01-01 00:00:18,,,,,,,,,,,,,,0.3614063262939453,,,,,0.7228126525878906,0.2771873474121094,0.13382463455200194,,,,0.20550599098205566,0.5,0.5,0.1280067539713574,0.15324636546154882,0.19531327985822655
roboturk_operator_pool,sawyer_laundry_layout,sawyer_laundry_layout,2026-01-01 00:00:19,,,,,,,,,,,,,,0.3680955171585083,,,,,0.7361910343170166,0.2638089656829834,0.12829217910766602,,,,0.1960505723953247,0.5,0.5,0.10997012753054958,0.1400594191518928,0.18750738667061057
roboturk_operator_pool,sawyer_laundry_layout,sawyer_laundry_layout,2026-01-01 00:00:20,,,,,,,,,,,,,,0.37442469596862793,,,,,0.7488493919372559,0.25115060806274414,0.12311611175537092,,,,0.18713335990905752,0.5,0.5,0.09290423179120555,0.12761096969119068,0.18012880037059908
roboturk_operator_pool,sawyer_laundry_layout,sawyer_laundry_layout,2026-01-01 00:00:21,,,,,,,,,,,,,,0.38051843643188477,,,,,0.7610368728637695,0.23896312713623047,0.1181985855102539,,,,0.1785808563232422,0.5,0.5,0.07647316821589822,0.1156579793851708,0.17303278690026724
roboturk_operator_pool,sawyer_laundry_layout,sawyer_laundry_layout,2026-01-01 00:00:22,,,,,,,,,,,,,,0.38611263036727905,,,,,0.7722252607345581,0.2277747392654419,0.11380214691162091,,,,0.17078844308853142,0.5,0.5,0.0613890738473738,0.10474275473246375,0.16653295714495941
roboturk_operator_pool,sawyer_laundry_layout,sawyer_laundry_layout,2026-01-01 00:00:23,,,,,,,,,,,,,,0.3912513852119447,,,,,0.7825027704238894,0.21749722957611062,0.11004972457885742,,,,0.16377347707748402,0.5,0.5,0.047533018103002256,0.09485657945369569,0.1605973993891745
roboturk_operator_pool,sawyer_laundry_layout,sawyer_laundry_layout,2026-01-01 00:00:24,,,,,,,,,,,,,,0.3961094617843628,,,,,0.7922189235687256,0.20778107643127441,0.10654697418212891,,,,0.15716402530670165,0.5,0.5,0.03443377872836528,0.08553233177627118,0.1549915276261591
roboturk_operator_pool,sawyer_laundry_layout,sawyer_laundry_layout,2026-01-01 00:00:25,,,,,,,,,,,,,,0.400648832321167,,,,,0.801297664642334,0.19870233535766602,0.10320196151733399,,,,0.1509521484375,0.5,0.5,0.02219389317172915,0.07678442225211021,0.14974457885595982
roboturk_operator_pool,sawyer_laundry_layout,sawyer_laundry_layout,2026-01-01 00:00:26,,,,,,,,,,,,,,0.4049050211906433,,,,,0.8098100423812866,0.19018995761871338,0.09995126724243164,,,,0.1450706124305725,0.5,0.5,0.010717574098976335,0.06852611324309425,0.1448109218355177
roboturk_operator_pool,sawyer_laundry_layout,sawyer_laundry_layout,2026-01-01 00:00:27,,,,,,,,,,,,,,0.408879816532135,,,,,0.81775963306427,0.18224036693572998,0.09677896499633772,,,,0.13950966596603384,0.5,0.5,0.0,0.06074678897857666,0.14018669724464417
roboturk_operator_pool,sawyer_tower_creation,sawyer_tower_creation,2026-01-01 00:00:00,,,,,,,,,,,,,,0.03801274299621604,,,,,0.07602548599243208,0.9239745140075679,0.775955295562744,,,,0.849964904785156,0.5,0.5,1.0,0.974658171335856,0.618664542833964
roboturk_operator_pool,sawyer_tower_creation,sawyer_tower_creation,2026-01-01 00:00:01,,,,,,,,,,,,,,0.054428815841674694,,,,,0.10885763168334939,0.8911423683166506,0.6560551643371582,,,,0.7735987663269044,0.5,0.5,0.9557359657492788,0.8901135918374433,0.5864623893966805
roboturk_operator_pool,sawyer_tower_creation,sawyer_tower_creation,2026-01-01 00:00:02,,,,,,,,,,,,,,0.06769829988479614,,,,,0.13539659976959229,0.8646034002304077,0.586884880065918,,,,0.7257441401481628,0.5,0.5,0.9199563428331552,0.8353926054423918,0.5638372370688868
roboturk_operator_pool,sawyer_tower_creation,sawyer_tower_creation,2026-01-01 00:00:03,,,,,,,,,,,,,,0.0786309838294984,,,,,0.1572619676589968,0.8427380323410032,0.5369637489318846,,,,0.6898508906364439,0.5,0.5,0.890477630041351,0.7937770918507602,0.5460636804730279
roboturk_operator_pool,sawyer_tower_creation,sawyer_tower_creation,2026-01-01 00:00:04,,,,,,,,,,,,,,0.08817023038864147,,,,,0.17634046077728294,0.8236595392227171,0.4989887237548828,,,,0.6613241314887999,0.5,0.5,0.8647561593586237,0.760205986615179,0.5312405364934507
roboturk_operator_pool,sawyer_tower_creation,sawyer_tower_creation,2026-01-01 00:00:05,,,,,,,,,,,,,,0.09655773639678955,,,,,0.1931154727935791,0.8068845272064209,0.4683510780334473,,,,0.6376178026199341,0.5,0.5,0.842140223335563,0.7320390032239508,0.5185448066398785
roboturk_operator_pool,sawyer_tower_creation,sawyer_tower_creation,2026-01-01 00:00:06,,,,,,,,,,,,,,0.10413384437561035,,,,,0.2082676887512207,0.7917323112487793,0.44368839263916016,,,,0.6177103519439697,0.5,0.5,0.8217121278818773,0.7080746861821,0.5074467035159943
roboturk_operator_pool,sawyer_tower_creation,sawyer_tower_creation,2026-01-01 00:00:07,,,,,,,,,,,,,,0.11107057332992565,,,,,0.2221411466598513,0.7778588533401487,0.42271108627319337,,,,0.600284969806671,0.5,0.5,0.8030080437253111,0.6869200415020588,0.4974820213068425
roboturk_operator_pool,sawyer_tower_creation,sawyer_tower_creation,2026-01-01 00:00:08,,,,,,,,,,,,,,0.11742258071899425,,,,,0.2348451614379885,0.7651548385620115,0.40515336990356443,,,,0.5851541042327879,0.5,0.5,0.7858805933736059,0.6683590582983814,0.48855991291799683
roboturk_operator_pool,sawyer_tower_creation,sawyer_tower_creation,2026-01-01 00:00:09,,,,,,,,,,,,,,0.12330514192581188,,,,,0.24661028385162376,0.7533897161483762,0.3895119667053223,,,,0.5714508414268493,0.5,0.5,0.7700189501418891,0.6514734833422292,0.48037310837102953
roboturk_operator_pool,sawyer_tower_creation,sawyer_tower_creation,2026-01-01 00:00:10,,,,,,,,,,,,,,0.12875038385391235,,,,,0.2575007677078247,0.7424992322921753,0.37600870132446274,,,,0.559253966808319,0.5,0.5,0.7553364875652455,0.6363218926523984,0.4729145950544109
roboturk_operator_pool,sawyer_tower_creation,sawyer_tower_creation,2026-01-01 00:00:11,,,,,,,,,,,,,,0.13386940956115723,,,,,0.26773881912231445,0.7322611808776855,0.36388301849365234,,,,0.548072099685669,0.5,0.5,0.7415336291490505,0.6223570853446194,0.4659726786234175
roboturk_operator_pool,sawyer_tower_creation,sawyer_tower_creation,2026-01-01 00:00:12,,,,,,,,,,,,,,0.13873594999313354,,,,,0.2774718999862671,0.7225281000137329,0.35245933532714846,,,,0.5374937176704406,0.5,0.5,0.7284115679599086,0.6091320687728422,0.4593859091831878
roboturk_operator_pool,sawyer_tower_creation,sawyer_tower_creation,2026-01-01 00:00:13,,,,,,,,,,,,,,0.14327830076217662,,,,,0.28655660152435325,0.7134433984756468,0.3418821334838865,,,,0.5276627659797666,0.5,0.5,0.7161636465530945,0.5968300036152652,0.4532484125420899
roboturk_operator_pool,sawyer_tower_creation,sawyer_tower_creation,2026-01-01 00:00:14,,,,,,,,,,,,,,0.14759021997451793,,,,,0.29518043994903587,0.7048195600509641,0.33229589462280257,,,,0.5185577273368833,0.5,0.5,0.704537057082019,0.5853750254202016,0.4474780206255551
roboturk_operator_pool,sawyer_tower_creation,sawyer_tower_creation,2026-01-01 00:00:15,,,,,,,,,,,,,,0.1516733169555664,,,,,0.3033466339111328,0.6966533660888672,0.32341957092285156,,,,0.5100364685058594,0.5,0.5,0.693527460187586,0.5746266792328258,0.442038534855103
roboturk_operator_pool,sawyer_tower_creation,sawyer_tower_creation,2026-01-01 00:00:16,,,,,,,,,,,,,,0.15548115968704224,,,,,0.3109623193740845,0.6890376806259155,0.31524410247802714,,,,0.5021408915519714,0.5,0.5,0.6832600544155635,0.5646532060642152,0.43697831511994467
roboturk_operator_pool,sawyer_tower_creation,sawyer_tower_creation,2026-01-01 00:00:17,,,,,,,,,,,,,,0.15920799970626853,,,,,0.31841599941253707,0.6815840005874629,0.3074201583862305,,,,0.4945020794868467,0.5,0.5,0.6732110630513697,0.5549790643413447,0.43204753184817857
roboturk_operator_pool,sawyer_tower_creation,sawyer_tower_creation,2026-01-01 00:00:18,,,,,,,,,,,,,,0.16289681196212769,,,,,0.32579362392425537,0.6742063760757446,0.30002355575561523,,,,0.48711496591567993,0.5,0.5,0.6632646091354442,0.5455741887662658,0.42720969947542753
roboturk_operator_pool,sawyer_tower_creation,sawyer_tower_creation,2026-01-01 00:00:19,,,,,,,,,,,,,,0.16642355918884288,,,,,0.33284711837768577,0.6671528816223142,0.2930585861206055,,,,0.4801057338714598,0.5,0.5,0.6537551447521801,0.5366348611222217,0.42259750146860053
roboturk_operator_pool,sawyer_tower_creation,sawyer_tower_creation,2026-01-01 00:00:20,,,,,,,,,,,,,,0.16990387439727794,,,,,0.3398077487945559,0.6601922512054441,0.28626708984375,,,,0.4732296705245971,0.5,0.5,0.6443708789146846,0.5278533600926524,0.41805605975183424
roboturk_operator_pool,sawyer_tower_creation,sawyer_tower_creation,2026-01-01 00:00:21,,,,,,,,,,,,,,0.1732911467552184,,,,,0.3465822935104368,0.6534177064895632,0.28000850677490235,,,,0.46671310663223275,0.5,0.5,0.6352374923197368,0.5194790628173979,0.41367913878428375
roboturk_operator_pool,sawyer_tower_creation,sawyer_tower_creation,2026-01-01 00:00:22,,,,,,,,,,,,,,0.176563799381256,,,,,0.353127598762512,0.646872401237488,0.27380485534667987,,,,0.46033862829208394,0.5,0.5,0.6264131645226221,0.5113111582268259,0.409431080687362
roboturk_operator_pool,sawyer_tower_creation,sawyer_tower_creation,2026-01-01 00:00:23,,,,,,,,,,,,,,0.1798427700996399,,,,,0.3596855401992798,0.6403144598007202,0.267671012878418,,,,0.4539927363395691,0.5,0.5,0.6175718007231304,0.5031676244859592,0.4051848563022724
roboturk_operator_pool,sawyer_tower_creation,sawyer_tower_creation,2026-01-01 00:00:24,,,,,,,,,,,,,,0.1830202341079712,,,,,0.3660404682159424,0.6339595317840576,0.2618083953857422,,,,0.4478839635848999,0.5,0.5,0.6090041379806909,0.49531611022915084,0.4010800620524604
roboturk_operator_pool,sawyer_tower_creation,sawyer_tower_creation,2026-01-01 00:00:25,,,,,,,,,,,,,,0.18620461225509644,,,,,0.37240922451019287,0.6275907754898071,0.2561530113220215,,,,0.4418718934059143,0.5,0.5,0.6004178320658391,0.48755548036684687,0.39699332810817145
roboturk_operator_pool,sawyer_tower_creation,sawyer_tower_creation,2026-01-01 00:00:26,,,,,,,,,,,,,,0.18926793336868286,,,,,0.3785358667373657,0.6214641332626343,0.2507575035095215,,,,0.4361108183860779,0.5,0.5,0.5921579423852046,0.48011190541649834,0.39306746195042574
roboturk_operator_pool,sawyer_tower_creation,sawyer_tower_creation,2026-01-01 00:00:27,,,,,,,,,,,,,,0.1922314167022704,,,,,0.3844628334045408,0.6155371665954592,0.24561786651611328,,,,0.43057751655578624,0.5,0.5,0.5841672536855228,0.47295020162970286,0.38927936382880646
